{"config": {"pipeline": {"preprocessing": {"vals": ["passthrough", "MinMaxScaler()", "StandardScaler()", "MaxAbsScaler()", "Normalizer()"]}, "clf": {"classname": "KNeighborsClassifier", "grid": {"n_neighbors": [3, 5, 7, 9, 11], "weights": ["uniform", "distance"]}}}}, "results": {"mean_fit_time": [4.5902973175048825, 11.710641193389893, 12.074877834320068, 11.766296863555908, 8.693511772155762, 4.436958265304566, 12.07108383178711, 11.742810487747192, 11.531693601608277, 8.660905456542968, 4.62760009765625, 12.789150285720826, 11.84536771774292, 11.652209663391114, 8.692080116271972, 4.468906116485596, 11.860167837142944, 12.596508407592774, 12.433979701995849, 8.623865032196045, 4.460189151763916, 12.172034358978271, 11.904218435287476, 11.450716733932495, 8.771097946166993, 6.185792732238769, 11.724274492263794, 12.741870737075805, 11.666076898574829, 9.90017328262329, 4.470727252960205, 11.720520401000977, 11.921274995803833, 11.264142751693726, 9.78049168586731, 4.417819166183472, 11.151420068740844, 12.105399799346923, 12.2813250541687, 8.362105512619019, 4.56913743019104, 11.546384048461913, 11.718689727783204, 11.532650136947632, 8.29280514717102, 4.290793323516846, 12.81883807182312, 11.64419345855713, 11.356065797805787, 9.237072038650513], "std_fit_time": [0.529623609866417, 0.5932413678146107, 0.5328240942145626, 0.969240352281113, 0.38074090158754337, 0.2541770793528711, 0.24324482771643455, 0.4863827706050954, 0.2697830101378712, 0.4411150487463991, 0.33889621509145856, 2.022270959865876, 0.6103164153112701, 0.25051164632010925, 0.2989859295469082, 0.19889600909994654, 0.4779137292476708, 1.0416942341997957, 1.6136939169903157, 0.6389375895307071, 0.25432683928488103, 0.33760725871901454, 0.2839946816373797, 0.34668369622432926, 0.5412792542069541, 2.231735858838842, 0.44478912294720613, 2.0184136476422543, 0.4998716080018948, 3.1594724586859244, 0.29656533348473774, 0.14549531260661341, 0.33550341185174576, 0.3088745823012959, 3.346482004665084, 0.21003431497632308, 0.26084149013748786, 0.5055703368129446, 1.4408630355535241, 0.35768504953720454, 0.3342564525947014, 0.37605383433655054, 0.28608923738283953, 0.3076446312976448, 0.26456882536602755, 0.10623423039804496, 3.045224885704764, 0.3650410685508499, 0.21583003860416722, 1.7408605299060038], "mean_score_time": [330.3790288448334, 334.7255511760712, 334.30058765411377, 332.6750251293182, 329.5804699420929, 328.8753270626068, 329.4798526763916, 327.39186363220216, 327.76544938087466, 327.43781008720396, 332.9109456062317, 335.0068464756012, 344.85699281692507, 335.3717041015625, 333.81657404899596, 327.2599980354309, 330.29760394096377, 329.4189988136292, 329.8354588031769, 333.9410299301147, 332.9720537662506, 335.9178194999695, 335.51586575508117, 337.1093072414398, 333.1464099884033, 330.10195417404174, 331.0337091445923, 331.6308955669403, 332.7469362735748, 331.39279065132143, 333.6724768161774, 336.89465126991274, 335.70039348602296, 331.6223222732544, 334.81231274604795, 326.96365242004396, 326.5910242557526, 330.93929371833804, 331.60642857551574, 330.3768517017364, 337.4900993347168, 336.8896939754486, 338.82430653572084, 340.35603256225585, 332.31652641296387, 331.4555323600769, 328.86278734207156, 334.0633880138397, 333.4594159126282, 281.3267599105835], "std_score_time": [1.277572410447704, 1.4696494326982101, 1.8183284189315079, 1.8184067758947702, 2.0120825104044506, 0.9456772260356502, 1.1624519786210432, 2.266690423697719, 1.9751197416577237, 2.8715510421738712, 3.230090524049848, 5.421426589011157, 4.968974897114181, 1.6056972363102087, 0.8703096908508108, 1.6147249488072808, 1.3870169168756041, 2.939554887885297, 1.3658903929784934, 2.940064489872583, 1.3533672914556873, 1.3976492157385965, 3.0486225971889795, 2.947422448742033, 2.1131837904171937, 1.9805457514979783, 3.369586565312146, 1.848655263800922, 4.1909291794680605, 2.087466526038928, 1.079213778253652, 1.7421835857878554, 3.514181078641749, 0.9188452302978356, 4.021453687822558, 1.3920162654060853, 1.6415307012458005, 2.858558664382207, 3.1538561356383457, 1.8394769848915085, 2.1468863098538606, 2.9624797695934104, 1.970433046728114, 1.7011518361088926, 0.8074947419152825, 3.076639346496564, 0.5011352592747043, 1.6860973783250353, 1.4924864539404041, 63.62991020208933], "param_clf__n_neighbors": [3, 3, 3, 3, 3, 3, 3, 3, 3, 3, 5, 5, 5, 5, 5, 5, 5, 5, 5, 5, 7, 7, 7, 7, 7, 7, 7, 7, 7, 7, 9, 9, 9, 9, 9, 9, 9, 9, 9, 9, 11, 11, 11, 11, 11, 11, 11, 11, 11, 11], "param_clf__weights": ["uniform", "uniform", "uniform", "uniform", "uniform", "distance", "distance", "distance", "distance", "distance", "uniform", "uniform", "uniform", "uniform", "uniform", "distance", "distance", "distance", "distance", "distance", "uniform", "uniform", "uniform", "uniform", "uniform", "distance", "distance", "distance", "distance", "distance", "uniform", "uniform", "uniform", "uniform", "uniform", "distance", "distance", "distance", "distance", "distance", "uniform", "uniform", "uniform", "uniform", "uniform", "distance", "distance", "distance", "distance", "distance"], "param_preprocessing": ["passthrough", "MinMaxScaler()", "StandardScaler()", "MaxAbsScaler()", "Normalizer()", "passthrough", "MinMaxScaler()", "StandardScaler()", "MaxAbsScaler()", "Normalizer()", "passthrough", "MinMaxScaler()", "StandardScaler()", "MaxAbsScaler()", "Normalizer()", "passthrough", "MinMaxScaler()", "StandardScaler()", "MaxAbsScaler()", "Normalizer()", "passthrough", "MinMaxScaler()", "StandardScaler()", "MaxAbsScaler()", "Normalizer()", "passthrough", "MinMaxScaler()", "StandardScaler()", "MaxAbsScaler()", "Normalizer()", "passthrough", "MinMaxScaler()", "StandardScaler()", "MaxAbsScaler()", "Normalizer()", "passthrough", "MinMaxScaler()", "StandardScaler()", "MaxAbsScaler()", "Normalizer()", "passthrough", "MinMaxScaler()", "StandardScaler()", "MaxAbsScaler()", "Normalizer()", "passthrough", "MinMaxScaler()", "StandardScaler()", "MaxAbsScaler()", "Normalizer()"], "params": [{"clf__n_neighbors": 3, "clf__weights": "uniform", "preprocessing": "passthrough"}, {"clf__n_neighbors": 3, "clf__weights": "uniform", "preprocessing": "MinMaxScaler()"}, {"clf__n_neighbors": 3, "clf__weights": "uniform", "preprocessing": "StandardScaler()"}, {"clf__n_neighbors": 3, "clf__weights": "uniform", "preprocessing": "MaxAbsScaler()"}, {"clf__n_neighbors": 3, "clf__weights": "uniform", "preprocessing": "Normalizer()"}, {"clf__n_neighbors": 3, "clf__weights": "distance", "preprocessing": "passthrough"}, {"clf__n_neighbors": 3, "clf__weights": "distance", "preprocessing": "MinMaxScaler()"}, {"clf__n_neighbors": 3, "clf__weights": "distance", "preprocessing": "StandardScaler()"}, {"clf__n_neighbors": 3, "clf__weights": "distance", "preprocessing": "MaxAbsScaler()"}, {"clf__n_neighbors": 3, "clf__weights": "distance", "preprocessing": "Normalizer()"}, {"clf__n_neighbors": 5, "clf__weights": "uniform", "preprocessing": "passthrough"}, {"clf__n_neighbors": 5, "clf__weights": "uniform", "preprocessing": "MinMaxScaler()"}, {"clf__n_neighbors": 5, "clf__weights": "uniform", "preprocessing": "StandardScaler()"}, {"clf__n_neighbors": 5, "clf__weights": "uniform", "preprocessing": "MaxAbsScaler()"}, {"clf__n_neighbors": 5, "clf__weights": "uniform", "preprocessing": "Normalizer()"}, {"clf__n_neighbors": 5, "clf__weights": "distance", "preprocessing": "passthrough"}, {"clf__n_neighbors": 5, "clf__weights": "distance", "preprocessing": "MinMaxScaler()"}, {"clf__n_neighbors": 5, "clf__weights": "distance", "preprocessing": "StandardScaler()"}, {"clf__n_neighbors": 5, "clf__weights": "distance", "preprocessing": "MaxAbsScaler()"}, {"clf__n_neighbors": 5, "clf__weights": "distance", "preprocessing": "Normalizer()"}, {"clf__n_neighbors": 7, "clf__weights": "uniform", "preprocessing": "passthrough"}, {"clf__n_neighbors": 7, "clf__weights": "uniform", "preprocessing": "MinMaxScaler()"}, {"clf__n_neighbors": 7, "clf__weights": "uniform",