{"config": {"pipeline": {"preprocessing": {"vals": ["passthrough", "MinMaxScaler()", "StandardScaler()", "MaxAbsScaler()", "Normalizer()"]}, "clf": {"classname": "KNeighborsClassifier", "grid": {"n_neighbors": [3, 5, 7, 9, 11], "weights": ["uniform", "distance"]}}}}, "results": {"mean_fit_time": [0.3079400539398193, 1.0011020183563233, 0.9979721546173096, 0.9312236309051514, 0.638106107711792, 0.3278809547424316, 0.879642391204834, 0.9041945457458496, 1.0609395980834961, 0.6419764995574951, 0.3114346504211426, 0.912968111038208, 0.9189101219177246, 0.894098949432373, 0.6393401145935058, 0.3852031707763672, 0.8876371860504151, 0.9590735912322998, 0.9310234069824219, 0.6631521224975586, 0.324747896194458, 0.9482355117797852, 1.0068792819976806, 0.9181143760681152, 0.6592355728149414, 0.33599133491516114, 0.9072960376739502, 0.9223140716552735, 0.914265489578247, 0.7283024787902832, 0.32981252670288086, 0.9065914154052734, 0.8920073509216309, 0.8665712356567383, 0.6716895580291748, 0.34514403343200684, 1.0664717197418212, 0.9035000324249267, 0.8789216995239257, 0.6492188453674317, 0.31711301803588865, 0.9103042125701905, 0.8790299415588378, 0.9373692035675049, 0.6266074657440186, 0.31650853157043457, 0.8577381134033203, 0.9199533939361573, 0.8641477584838867, 0.6161486625671386], "std_fit_time": [0.05164309336354814, 0.20708161355559063, 0.13049399891198682, 0.03029234756400245, 0.040381643102537515, 0.016464313851115527, 0.025006244792109535, 0.011715982853044095, 0.19662163586198492, 0.02690924938911553, 0.0035158997042037616, 0.04426130807263583, 0.02375032198809538, 0.03324681476076964, 0.025440319275911207, 0.08498519252999195, 0.03947484661584072, 0.05914665422281503, 0.05304460780767205, 0.04306480110653695, 0.01550834420131715, 0.054801770731424254, 0.05290875465956925, 0.056804699689608135, 0.028810765619162192, 0.026529062553067303, 0.0353144596146975, 0.028303859249862475, 0.0584425137793596, 0.12180397571206, 0.024523232624730648, 0.025884422008368286, 0.02798958053075192, 0.026642817309137624, 0.062110760979413725, 0.030047640651098002, 0.20384039265284945, 0.02661640387247271, 0.03170840879538177, 0.048608056561626485, 0.015627440718965643, 0.038808344347122735, 0.019170887283739824, 0.07810953616696432, 0.028567363996291915, 0.011231645038904323, 0.016475777639671785, 0.02433631705394152, 0.02887738068594377, 0.026617106931032013], "mean_score_time": [2.5584211349487305, 2.911115264892578, 2.7190134525299072, 2.7687935829162598, 2.7177971839904784, 2.322414207458496, 2.353244495391846, 2.386229133605957, 2.6601754665374755, 2.3184455394744874, 2.7167872905731203, 2.811378240585327, 2.732650136947632, 2.6853635787963865, 2.687602710723877, 2.595869302749634, 2.3727450370788574, 2.440679740905762, 2.4083410263061524, 2.3675633907318114, 2.6789204120635985, 2.9028383255004884, 3.1173069953918455, 2.81701774597168, 2.6192588329315187, 2.351651906967163, 2.409544563293457, 2.4021429061889648, 2.4708868980407717, 2.6842530727386475, 2.68717999458313, 2.686892366409302, 2.737403631210327, 2.6918747425079346, 2.6217159271240233, 2.360249900817871, 2.608273506164551, 2.3937352657318116, 2.4091604232788084, 2.336651420593262, 2.723890447616577, 2.7093491077423097, 2.843265342712402, 3.0469533920288088, 2.6707162380218508, 2.33222336769104, 2.4104413032531737, 2.4148407936096192, 2.3749619007110594, 2.0782461643218992], "std_score_time": [0.043001176664268205, 0.1801687320643323, 0.09447579569609037, 0.09515142025471769, 0.08058292147094118, 0.07448158119627692, 0.07469937819553793, 0.0668454287225535, 0.28927899146663144, 0.0659000634066424, 0.03438845372855779, 0.04163936671903758, 0.05956374308138727, 0.0693210072668887, 0.09166740186554541, 0.22465552887832096, 0.0648246065575341, 0.07960039165139685, 0.033881485139629464, 0.053254427133734676, 0.07333024616270087, 0.26883905365210103, 0.38290646135020384, 0.07125089923505462, 0.05112724696594484, 0.034534140482335024, 0.07364465914607497, 0.06427886061888206, 0.1078100435987085, 0.370691878345928, 0.058062281965439826, 0.03711249752600746, 0.06533349194049584, 0.03437982122847307, 0.03425647507428171, 0.12422019285593203, 0.3756820092272272, 0.05690858914166112, 0.03873447210240662, 0.0636983067289791, 0.06535826920855839, 0.07192113477630493, 0.2060522175577776, 0.4156837176417777, 0.026475278861997013, 0.08542070021317771, 0.09618797331973837, 0.07228458326384289, 0.07574712026669451, 0.2672693309708537], "param_clf__n_neighbors": [3, 3, 3, 3, 3, 3, 3, 3, 3, 3, 5, 5, 5, 5, 5, 5, 5, 5, 5, 5, 7, 7, 7, 7, 7, 7, 7, 7, 7, 7, 9, 9, 9, 9, 9, 9, 9, 9, 9, 9, 11, 11, 11, 11, 11, 11, 11, 11, 11, 11], "param_clf__weights": ["uniform", "uniform", "uniform", "uniform", "uniform", "distance", "distance", "distance", "distance", "distance", "uniform", "uniform", "uniform", "uniform", "uniform", "distance", "distance", "distance", "distance", "distance", "uniform", "uniform", "uniform", "uniform", "uniform", "distance", "distance", "distance", "distance", "distance", "uniform", "uniform", "uniform", "uniform", "uniform", "distance", "distance", "distance", "distance", "distance", "uniform", "uniform", "uniform", "uniform", "uniform", "distance", "distance", "distance", "distance", "distance"], "param_preprocessing": ["passthrough", "MinMaxScaler()", "StandardScaler()", "MaxAbsScaler()", "Normalizer()", "passthrough", "MinMaxScaler()", "StandardScaler()", "MaxAbsScaler()", "Normalizer()", "passthrough", "MinMaxScaler()", "StandardScaler()", "MaxAbsScaler()", "Normalizer()", "passthrough", "MinMaxScaler()", "StandardScaler()", "MaxAbsScaler()", "Normalizer()", "passthrough", "MinMaxScaler()", "StandardScaler()", "MaxAbsScaler()", "Normalizer()", "passthrough", "MinMaxScaler()", "StandardScaler()", "MaxAbsScaler()", "Normalizer()", "passthrough", "MinMaxScaler()", "StandardScaler()", "MaxAbsScaler()", "Normalizer()", "passthrough", "MinMaxScaler()", "StandardScaler()", "MaxAbsScaler()", "Normalizer()", "passthrough", "MinMaxScaler()", "StandardScaler()", "MaxAbsScaler()", "Normalizer()", "passthrough", "MinMaxScaler()", "StandardScaler()", "MaxAbsScaler()", "Normalizer()"], "params": [{"clf__n_neighbors": 3, "clf__weights": "uniform", "preprocessing": "passthrough"}, {"clf__n_neighbors": 3, "clf__weights": "uniform", "preprocessing": "MinMaxScaler()"}, {"clf__n_neighbors": 3, "clf__weights": "uniform", "preprocessing": "StandardScaler()"}, {"clf__n_neighbors": 3, "clf__weights": "uniform", "preprocessing": "MaxAbsScaler()"}, {"clf__n_neighbors": 3, "clf__weights": "uniform", "preprocessing": "Normalizer()"}, {"clf__n_neighbors": 3, "clf__weights": "distance", "preprocessing": "passthrough"}, {"clf__n_neighbors": 3, "clf__weights": "distance", "preprocessing": "MinMaxScaler()"}, {"clf__n_neighbors": 3, "clf__weights": "distance", "preprocessing": "StandardScaler()"}, {"clf__n_neighbors": 3, "clf__weights": "distance", "preprocessing": "MaxAbsScaler()"}, {"clf__n_neighbors": 3, "clf__weights": "distance", "preprocessing": "Normalizer()"}, {"clf__n_neighbors": 5, "clf__weights": "uniform", "preprocessing": "passthrough"}, {"clf__n_neighbors": 5, "clf__weights": "uniform", "preprocessing": "MinMaxScaler()"}, {"clf__n_neighbors": 5, "clf__weights": "uniform", "preprocessing": "StandardScaler()"}, {"clf__n_neighbors": 5, "clf__weights": "uniform", "preprocessing": "MaxAbsScaler()"}, {"clf__n_neighbors": 5, "clf__weights": "uniform", "preprocessing": "Normalizer()"}, {"clf__n_neighbors": 5, "clf__weights": "distance", "preprocessing": "passthrough"}, {"clf__n_neighbors": 5, "clf__weights": "distance", "preprocessing": "MinMaxScaler()"}, {"clf__n_neighbors": 5, "clf__weights": "distance", "preprocessing": "StandardScaler()"}, {"clf__n_neighbors": 5, "clf__weights": "distance", "preprocessing": "MaxAbsScaler()"}, {"clf__n_neighbors": 5, "clf__weights": "distance", "preprocessing": "Normalizer()"}, {"clf__n_neighbors": 7, "clf__weights": "uniform", "preprocessing": "passthrough"}, {"clf__n_neighbors": 7,