{"config": {"pipeline": {"preprocessing": {"vals": ["passthrough", "MinMaxScaler()", "StandardScaler()", "MaxAbsScaler()", "Normalizer()"]}, "clf": {"classname": "KNeighborsClassifier", "grid": {"n_neighbors": [3, 5, 7, 9, 11], "weights": ["uniform", "distance"]}}}}, "results": {"mean_fit_time": [2.4446058750152586, 6.788045644760132, 6.461705732345581, 6.236245441436767, 4.521231985092163, 2.5157548904418947, 6.13255033493042, 6.368717384338379, 6.297478437423706, 4.527752351760864, 2.3968329429626465, 6.1631043434143065, 6.4671728134155275, 5.994859838485718, 5.061335563659668, 2.3934916973114015, 6.316875791549682, 7.004486322402954, 6.366317415237427, 4.592350816726684, 2.5300602436065676, 6.576188039779663, 6.386632251739502, 6.274204874038697, 4.594766426086426, 2.372672367095947, 6.377395915985107, 6.452099370956421, 6.230623435974121, 4.640334033966065, 2.4018489360809325, 6.266842460632324, 6.460736608505249, 6.156219863891602, 4.62451753616333, 2.3977943897247314, 6.434737634658814, 6.245396327972412, 6.242265892028809, 4.625943374633789, 2.413927936553955, 6.132432746887207, 6.5049584865570065, 6.341377067565918, 4.406904697418213, 2.4536145687103272, 6.268183946609497, 6.455701637268066, 6.335951852798462, 4.718585586547851], "std_fit_time": [0.23497010703580978, 0.27343652219652725, 0.23140983593597977, 0.22006659553539448, 0.13649551723850759, 0.36290542944091764, 0.16989780846742356, 0.17044255743277523, 0.3126328036493551, 0.2820324266554865, 0.10703185930252793, 0.37211266310297664, 0.2111568263197027, 0.09158889823802421, 0.4570472206976902, 0.06783758295128722, 0.1935232430311948, 0.45163477660806267, 0.212939248616256, 0.2449565951329528, 0.10403913371644996, 0.12102967300938001, 0.11885813463775953, 0.2603876692617382, 0.1395855264553839, 0.15955573972990436, 0.33495663943226456, 0.0376969750234226, 0.29163437160616135, 0.3462588448522078, 0.12022325737987981, 0.325332212043022, 0.42954408471159866, 0.18181499161798617, 0.2782329788516605, 0.16383915455425552, 0.4673602589916263, 0.20366344150800592, 0.31775124401061394, 0.33460050938719077, 0.18170365102617164, 0.08738312910869002, 0.3442312223127427, 0.516879058747127, 0.12579490833705326, 0.13921218906939847, 0.16256053808551849, 0.22501244165923956, 0.22644649802312178, 0.4056566004679716], "mean_score_time": [97.7442189693451, 98.21248197555542, 97.86763739585876, 96.53926711082458, 96.5012993812561, 96.42605781555176, 96.10296525955201, 96.63624782562256, 96.54148197174072, 96.41846137046814, 97.9989116191864, 98.2165675163269, 99.23424134254455, 98.86087446212768, 98.07910823822021, 96.07282009124756, 95.84370064735413, 94.96069307327271, 95.26821374893188, 96.44431810379028, 98.66640710830688, 99.23565101623535, 99.6377646446228, 99.24349303245545, 98.25714411735535, 97.01012454032897, 97.17424750328064, 97.51206507682801, 96.25062937736512, 94.9887146949768, 97.9312940120697, 98.48303813934326, 98.56340975761414, 99.25029444694519, 98.33004536628724, 95.85009512901306, 96.50571846961975, 95.74688272476196, 95.72559833526611, 95.1090434551239, 98.8867271900177, 100.58769793510437, 99.64241795539856, 99.10939211845398, 100.28339428901673, 96.8163505077362, 98.56068148612977, 96.85866227149964, 97.63195142745971, 84.08013620376587], "std_score_time": [0.7031534381009417, 1.0333311322766978, 0.6968551562084495, 0.5890136202490922, 1.5256138483524255, 1.0700577614761406, 0.42624260165361716, 0.636390070034299, 0.4321887191668939, 0.6285391891040499, 0.3471460740430958, 0.5119677158953948, 0.5332921426632834, 0.4956059880711473, 0.7448219203525335, 0.16781094214015174, 0.32909537018206203, 0.6304646729247052, 0.746607678607667, 0.9002457926677534, 0.6529306253906538, 0.6571634267288061, 1.324130836512741, 0.39332599567796817, 0.523503320516243, 0.8510858763137642, 0.7038682270619081, 0.6238956215305552, 0.45347498400627584, 0.31992743527639217, 0.7606069958498147, 0.506971888715762, 0.4346045007103455, 0.2760266851952943, 1.2402866739143577, 0.5798320787364301, 0.6749315906041277, 0.7657342794461874, 0.32266292920043244, 0.43727412917265285, 1.0242200707617988, 0.606121441523081, 0.677755801690292, 0.7997485664561109, 0.7747541123817013, 0.8367504504776332, 0.48502492507601386, 1.0807544111365215, 0.7967709670850072, 17.174475415415458], "param_clf__n_neighbors": [3, 3, 3, 3, 3, 3, 3, 3, 3, 3, 5, 5, 5, 5, 5, 5, 5, 5, 5, 5, 7, 7, 7, 7, 7, 7, 7, 7, 7, 7, 9, 9, 9, 9, 9, 9, 9, 9, 9, 9, 11, 11, 11, 11, 11, 11, 11, 11, 11, 11], "param_clf__weights": ["uniform", "uniform", "uniform", "uniform", "uniform", "distance", "distance", "distance", "distance", "distance", "uniform", "uniform", "uniform", "uniform", "uniform", "distance", "distance", "distance", "distance", "distance", "uniform", "uniform", "uniform", "uniform", "uniform", "distance", "distance", "distance", "distance", "distance", "uniform", "uniform", "uniform", "uniform", "uniform", "distance", "distance", "distance", "distance", "distance", "uniform", "uniform", "uniform", "uniform", "uniform", "distance", "distance", "distance", "distance", "distance"], "param_preprocessing": ["passthrough", "MinMaxScaler()", "StandardScaler()", "MaxAbsScaler()", "Normalizer()", "passthrough", "MinMaxScaler()", "StandardScaler()", "MaxAbsScaler()", "Normalizer()", "passthrough", "MinMaxScaler()", "StandardScaler()", "MaxAbsScaler()", "Normalizer()", "passthrough", "MinMaxScaler()", "StandardScaler()", "MaxAbsScaler()", "Normalizer()", "passthrough", "MinMaxScaler()", "StandardScaler()", "MaxAbsScaler()", "Normalizer()", "passthrough", "MinMaxScaler()", "StandardScaler()", "MaxAbsScaler()", "Normalizer()", "passthrough", "MinMaxScaler()", "StandardScaler()", "MaxAbsScaler()", "Normalizer()", "passthrough", "MinMaxScaler()", "StandardScaler()", "MaxAbsScaler()", "Normalizer()", "passthrough", "MinMaxScaler()", "StandardScaler()", "MaxAbsScaler()", "Normalizer()", "passthrough", "MinMaxScaler()", "StandardScaler()", "MaxAbsScaler()", "Normalizer()"], "params": [{"clf__n_neighbors": 3, "clf__weights": "uniform", "preprocessing": "passthrough"}, {"clf__n_neighbors": 3, "clf__weights": "uniform", "preprocessing": "MinMaxScaler()"}, {"clf__n_neighbors": 3, "clf__weights": "uniform", "preprocessing": "StandardScaler()"}, {"clf__n_neighbors": 3, "clf__weights": "uniform", "preprocessing": "MaxAbsScaler()"}, {"clf__n_neighbors": 3, "clf__weights": "uniform", "preprocessing": "Normalizer()"}, {"clf__n_neighbors": 3, "clf__weights": "distance", "preprocessing": "passthrough"}, {"clf__n_neighbors": 3, "clf__weights": "distance", "preprocessing": "MinMaxScaler()"}, {"clf__n_neighbors": 3, "clf__weights": "distance", "preprocessing": "StandardScaler()"}, {"clf__n_neighbors": 3, "clf__weights": "distance", "preprocessing": "MaxAbsScaler()"}, {"clf__n_neighbors": 3, "clf__weights": "distance", "preprocessing": "Normalizer()"}, {"clf__n_neighbors": 5, "clf__weights": "uniform", "preprocessing": "passthrough"}, {"clf__n_neighbors": 5, "clf__weights": "uniform", "preprocessing": "MinMaxScaler()"}, {"clf__n_neighbors": 5, "clf__weights": "uniform", "preprocessing": "StandardScaler()"}, {"clf__n_neighbors": 5, "clf__weights": "uniform", "preprocessing": "MaxAbsScaler()"}, {"clf__n_neighbors": 5, "clf__weights": "uniform", "preprocessing": "Normalizer()"}, {"clf__n_neighbors": 5, "clf__weights": "distance", "preprocessing": "passthrough"}, {"clf__n_neighbors": 5, "clf__weights": "distance", "preprocessing": "MinMaxScaler()"}, {"clf__n_neighbors": 5, "clf__weights": "distance", "preprocessing": "StandardScaler()"}, {"clf__n_neighbors": 5, "clf__weights": "distance", "preprocessing": "MaxAbsScaler()"}, {"clf__n_neighbors": 5, "clf__weights": "distance", "preprocessing": "Normalizer()"}, {"clf__n_neighbors": 7, "clf__weights": "uniform", "preprocessing": "passthrough"}, {"clf__n_neighbors": 7, "clf__weights": "uniform", "preprocessing": "MinMaxScaler()"}, {"clf__n_neighbors": 7, "clf__weights": "uniform",