{"config": {"pipeline": {"preprocessing": {"vals": ["passthrough", "MinMaxScaler()", "StandardScaler()", "MaxAbsScaler()", "Normalizer()"]}, "clf": {"classname": "MLPClassifier", "params": {"early_stopping": true}, "grid": {"hidden_layer_sizes": [[100, 50], [75, 75], [100, 100], [75, 50]]}}}}, "results": {"mean_fit_time": [47.785213804245, 45.68052897453308, 32.76925401687622, 45.785646533966066, 52.25682148933411, 46.110264253616336, 51.838994073867795, 30.311119270324706, 47.52830400466919, 75.41228051185608, 52.258786296844484, 53.75602579116821, 32.56012940406799, 51.69942536354065, 72.74410209655761, 38.89989609718323, 45.37853398323059, 23.950954723358155, 42.79478087425232, 47.56829905509949], "std_fit_time": [6.403029132512286, 11.10315902003914, 8.813804024031592, 5.995199640519292, 2.8726244998560895, 7.015815560636446, 6.106812826766262, 4.327047861533033, 2.502602063978713, 27.599682236253308, 9.374946744195755, 13.442107493501979, 4.2681133188196565, 8.450440007766264, 11.393430548182184, 8.079344591712442, 6.380897029067085, 4.133743192400065, 8.378153228185289, 11.515451197079829], "mean_score_time": [0.12225832939147949, 0.19704408645629884, 0.2139556884765625, 0.20530357360839843, 0.140122652053833, 0.14899816513061523, 0.1987476348876953, 0.20212101936340332, 0.19621715545654297, 0.19268436431884767, 0.14187111854553222, 0.20524191856384277, 0.20647788047790527, 0.20431051254272461, 0.17010784149169922, 0.13162307739257811, 0.199399995803833, 0.19415411949157715, 0.1946864128112793, 0.11396842002868653], "std_score_time": [0.0009556557527629633, 0.0014868569200345552, 0.02803111234362468, 0.018448738480103807, 0.028416293772034522, 0.04934453346607062, 0.0029359148715571485, 0.0014167213707643512, 0.001908319795843891, 0.07302042006065863, 0.01891629025019084, 0.0010913896648065097, 0.002453658815551216, 0.0015731173709012105, 0.04506730478529545, 0.017928252235037266, 0.0053595501056432765, 0.004988079287165002, 0.0009860707432005917, 0.02382854216111189], "param_clf__hidden_layer_sizes": [[100, 50], [100, 50], [100, 50], [100, 50], [100, 50], [75, 75], [75, 75], [75, 75], [75, 75], [75, 75], [100, 100], [100, 100], [100, 100], [100, 100], [100, 100], [75, 50], [75, 50], [75, 50], [75, 50], [75, 50]], "param_preprocessing": ["passthrough", "MinMaxScaler()", "StandardScaler()", "MaxAbsScaler()", "Normalizer()", "passthrough", "MinMaxScaler()", "StandardScaler()", "MaxAbsScaler()", "Normalizer()", "passthrough", "MinMaxScaler()", "StandardScaler()", "MaxAbsScaler()", "Normalizer()", "passthrough", "MinMaxScaler()", "StandardScaler()", "MaxAbsScaler()", "Normalizer()"], "params": [{"clf__hidden_layer_sizes": [100, 50], "preprocessing": "passthrough"}, {"clf__hidden_layer_sizes": [100, 50], "preprocessing": "MinMaxScaler()"}, {"clf__hidden_layer_sizes": [100, 50], "preprocessing": "StandardScaler()"}, {"clf__hidden_layer_sizes": [100, 50], "preprocessing": "MaxAbsScaler()"}, {"clf__hidden_layer_sizes": [100, 50], "preprocessing": "Normalizer()"}, {"clf__hidden_layer_sizes": [75, 75], "preprocessing": "passthrough"}, {"clf__hidden_layer_sizes": [75, 75], "preprocessing": "MinMaxScaler()"}, {"clf__hidden_layer_sizes": [75, 75], "preprocessing": "StandardScaler()"}, {"clf__hidden_layer_sizes": [75, 75], "preprocessing": "MaxAbsScaler()"}, {"clf__hidden_layer_sizes": [75, 75], "preprocessing": "Normalizer()"}, {"clf__hidden_layer_sizes": [100, 100], "preprocessing": "passthrough"}, {"clf__hidden_layer_sizes": [100, 100], "preprocessing": "MinMaxScaler()"}, {"clf__hidden_layer_sizes": [100, 100], "preprocessing": "StandardScaler()"}, {"clf__hidden_layer_sizes": [100, 100], "preprocessing": "MaxAbsScaler()"}, {"clf__hidden_layer_sizes": [100, 100], "preprocessing": "Normalizer()"}, {"clf__hidden_layer_sizes": [75, 50], "preprocessing": "passthrough"}, {"clf__hidden_layer_sizes": [75, 50], "preprocessing": "MinMaxScaler()"}, {"clf__hidden_layer_sizes": [75, 50], "preprocessing": "StandardScaler()"}, {"clf__hidden_layer_sizes": [75, 50], "preprocessing": "MaxAbsScaler()"}, {"clf__hidden_layer_sizes": [75, 50], "preprocessing": "Normalizer()"}], "split0_test_score": [0.7104365008083349, 0.6960661038261182, 0.7057661217891145, 0.6922938746182863, 0.7045087120531704, 0.6935512843542303, 0.7093587210346686, 0.7009161128076163, 0.7000179629962278, 0.7046883420154482, 0.7260643075264954, 0.7106161307706126, 0.702353152505838, 0.7050476019400036, 0.7160050296389437, 0.6964253637506737, 0.696784623675229, 0.6811568169570684, 0.6921142446560086, 0.6694808694090174], "split1_test_score": [0.7082285303629177, 0.7163133309378369, 0.7003233920229968, 0.7109234638878907, 0.6974487962630255, 0.7021200143729788, 0.712899748472871, 0.6960114983830399, 0.7055335968379447, 0.6942148760330579, 0.6936758893280632, 0.7033776500179663, 0.712899748472871, 0.7163133309378369, 0.7166726554078333, 0.6694214876033058, 0.6947538627380525, 0.6942148760330579, 0.7048149478979518, 0.6947538627380525], "split2_test_score": [0.6872080488681279, 0.7028386633129716, 0.7030183255479698, 0.6924182536830759, 0.682896155228171, 0.7107438016528925, 0.6945742005030543, 0.6920589292130794, 0.6925979159180741, 0.6841537908731584, 0.7118217750628818, 0.71200143729788, 0.7030183255479698, 0.7168523176428315, 0.7089471793029105, 0.6721164211282789, 0.6943945382680561, 0.7003233920229968, 0.7015810276679841, 0.6796622349982033], "split3_test_score": [0.7218828602227811, 0.7116421128278836, 0.696909809558031, 0.7170319798778296, 0.6981674452030183, 0.703197987782968, 0.7112827883578872, 0.6990657563780094, 0.702299676607977, 0.6979877829680201, 0.7285303629177147, 0.7378727991376213, 0.7105641394178943, 0.7200862378727991, 0.723499820337765, 0.6882860222781172, 0.6945742005030543, 0.688106360043119, 0.7010420409629896, 0.6541501976284585], "split4_test_score": [0.7024793388429752, 0.6670858785483291, 0.702299676607977, 0.704096298957959, 0.6841537908731584, 0.6990657563780094, 0.6832554796981675, 0.6906216313330937, 0.6988860941430112, 0.6780452748832195, 0.7177506288178225, 0.7200862378727991, 0.7075098814229249, 0.7184692777578153, 0.7048149478979518, 0.695292849443047, 0.688106360043119, 0.6823571685231764, 0.6633129716133669, 0.6836148041681639], "mean_test_score": [0.7060470558210273, 0.6987892178906279, 0.7016634651052177, 0.7033527742050083, 0.6934349799241086, 0.7017357689082159, 0.7022741876133296, 0.6957347856229676, 0.6998670493006469, 0.6918180133545808, 0.7155685927305955, 0.7167908510193758, 0.7072690494734996, 0.7153537532302573, 0.713987926517081, 0.6843084288406847, 0.6937227170455023, 0.6892317227158837, 0.6925730465596602, 0.6763323937883792], "std_test_score": [0.011335215453894066, 0.017327472581131466, 0.002948397554214596, 0.009867642456897821, 0.008465716610612947, 0.005613290244944176, 0.011534722337476407, 0.003941430061667516, 0.004286088769665521, 0.00956958723108154, 0.012459999212302255, 0.011800743417467067, 0.004119589442621021, 0.005319513945217656, 0.006500850213644429, 0.011432977990012524, 0.0029379709821646476, 0.007233076586187755, 0.015225598334893172, 0.013729275832936028], "rank_test_score": [6, 12, 10, 7, 15, 9, 8, 13, 11, 17, 2, 1, 5, 3, 4, 19, 14, 18, 16, 20]}}