{"config": {"pipeline": {"preprocessing": {"vals": ["passthrough", "MinMaxScaler()", "StandardScaler()", "MaxAbsScaler()", "Normalizer()"]}, "clf": {"classname": "MLPClassifier", "params": {"early_stopping": true}, "grid": {"hidden_layer_sizes": [[100, 50], [75, 75], [100, 100], [75, 50]]}}}}, "results": {"mean_fit_time": [443.1624142169952, 569.6208134651184, 204.81601638793944, 509.4700827598572, 1228.585773038864, 462.04275312423704, 645.8969576358795, 244.4824909210205, 746.424089384079, 1829.1562139511109, 481.0265503883362, 668.1169704437256, 236.79779958724976, 591.6849338531495, 1991.9101563453673, 443.62616033554076, 470.6238600730896, 237.97875623703004, 488.1775089740753, 1272.7743215560913], "std_fit_time": [124.96632479713482, 196.09472504725468, 30.907575816869667, 234.66001231819877, 313.47527495141725, 206.9068911802557, 234.93896422843912, 63.10437700770217, 125.75746090209097, 616.0799822306421, 91.665429083064, 301.2036558190017, 34.73992276246651, 167.2626184194794, 504.94249939620545, 160.26226720543593, 188.52794366922035, 61.02431922336227, 106.09157697477714, 214.26852787774607], "mean_score_time": [1.0967259883880616, 1.6911444664001465, 1.3098904132843017, 1.5842180728912354, 1.6980063438415527, 1.0005935192108155, 1.6459899425506592, 1.2371375560760498, 1.6487335205078124, 2.095711183547974, 1.5832966327667237, 1.987543249130249, 1.3999778270721435, 2.0071145057678224, 2.992510461807251, 0.9077626228332519, 1.5867834091186523, 1.322009515762329, 1.5314640998840332, 1.3939628601074219], "std_score_time": [0.1393806885034644, 0.1300803228724154, 0.03482324306799986, 0.13965395623849872, 0.36504153373125914, 0.10275895239920141, 0.26049619637068333, 0.07006907107495472, 0.07733244564727694, 0.46905126123804747, 0.45926653046992194, 0.34818608024515113, 0.06466648204699336, 0.47348452524710116, 0.366652142683686, 0.1195359336207932, 0.25424855365574867, 0.05187561561310995, 0.14498648886148283, 0.19874434425259072], "param_clf__hidden_layer_sizes": [[100, 50], [100, 50], [100, 50], [100, 50], [100, 50], [75, 75], [75, 75], [75, 75], [75, 75], [75, 75], [100, 100], [100, 100], [100, 100], [100, 100], [100, 100], [75, 50], [75, 50], [75, 50], [75, 50], [75, 50]], "param_preprocessing": ["passthrough", "MinMaxScaler()", "StandardScaler()", "MaxAbsScaler()", "Normalizer()", "passthrough", "MinMaxScaler()", "StandardScaler()", "MaxAbsScaler()", "Normalizer()", "passthrough", "MinMaxScaler()", "StandardScaler()", "MaxAbsScaler()", "Normalizer()", "passthrough", "MinMaxScaler()", "StandardScaler()", "MaxAbsScaler()", "Normalizer()"], "params": [{"clf__hidden_layer_sizes": [100, 50], "preprocessing": "passthrough"}, {"clf__hidden_layer_sizes": [100, 50], "preprocessing": "MinMaxScaler()"}, {"clf__hidden_layer_sizes": [100, 50], "preprocessing": "StandardScaler()"}, {"clf__hidden_layer_sizes": [100, 50], "preprocessing": "MaxAbsScaler()"}, {"clf__hidden_layer_sizes": [100, 50], "preprocessing": "Normalizer()"}, {"clf__hidden_layer_sizes": [75, 75], "preprocessing": "passthrough"}, {"clf__hidden_layer_sizes": [75, 75], "preprocessing": "MinMaxScaler()"}, {"clf__hidden_layer_sizes": [75, 75], "preprocessing": "StandardScaler()"}, {"clf__hidden_layer_sizes": [75, 75], "preprocessing": "MaxAbsScaler()"}, {"clf__hidden_layer_sizes": [75, 75], "preprocessing": "Normalizer()"}, {"clf__hidden_layer_sizes": [100, 100], "preprocessing": "passthrough"}, {"clf__hidden_layer_sizes": [100, 100], "preprocessing": "MinMaxScaler()"}, {"clf__hidden_layer_sizes": [100, 100], "preprocessing": "StandardScaler()"}, {"clf__hidden_layer_sizes": [100, 100], "preprocessing": "MaxAbsScaler()"}, {"clf__hidden_layer_sizes": [100, 100], "preprocessing": "Normalizer()"}, {"clf__hidden_layer_sizes": [75, 50], "preprocessing": "passthrough"}, {"clf__hidden_layer_sizes": [75, 50], "preprocessing": "MinMaxScaler()"}, {"clf__hidden_layer_sizes": [75, 50], "preprocessing": "StandardScaler()"}, {"clf__hidden_layer_sizes": [75, 50], "preprocessing": "MaxAbsScaler()"}, {"clf__hidden_layer_sizes": [75, 50], "preprocessing": "Normalizer()"}], "split0_test_score": [0.697967034434857, 0.6993027542542676, 0.704485347153581, 0.7035770576763818, 0.6942003045441189, 0.703229770523335, 0.7020810514786419, 0.7016536211364304, 0.6947078780754948, 0.6976464616781983, 0.7146902465738787, 0.7184302620682286, 0.7185104052573932, 0.7226511366975663, 0.7002911869206315, 0.6949215932466006, 0.6920364384366735, 0.6889642828520289, 0.6846632650335266, 0.684716693826303], "split1_test_score": [0.7064622124863089, 0.7027221969919589, 0.7025351962172415, 0.7042983463788636, 0.7051799214596746, 0.6972724601287634, 0.7075575027382256, 0.705607351801886, 0.6990088958939973, 0.6882697085459354, 0.7171746854379826, 0.7201934122298507, 0.7120722357278337, 0.7114043758181284, 0.7084390778190367, 0.6930515854994257, 0.6812705366922235, 0.6878155638073358, 0.6921432960222264, 0.6815643950524938], "split2_test_score": [0.70584778136938, 0.7007453316592311, 0.6972457457323752, 0.7018673363075362, 0.681217107899447, 0.6986616087409505, 0.698848609515668, 0.7017871931183715, 0.70435177517164, 0.6859722704565491, 0.7158923944113482, 0.7162931103571715, 0.7160526807896775, 0.7108433734939759, 0.6999438997675848, 0.6892581412122993, 0.686720273555419, 0.6984211791734566, 0.6859188416637726, 0.6861058424384902], "split3_test_score": [0.7003098952767686, 0.7062406497114768, 0.7107020730925412, 0.7076832656550545, 0.7056796324000855, 0.7045308826672366, 0.7067215216926693, 0.7023936738619363, 0.7054391964094892, 0.694459286172259, 0.7218155588801026, 0.7171938448386407, 0.7130262876683052, 0.7239794827954691, 0.7125454156871126, 0.6948065826031203, 0.684334259457149, 0.6975315238298782, 0.6944058559521266, 0.6685990596281257], "split4_test_score": [0.7031416969437914, 0.7005236161572985, 0.7047178884377003, 0.6991344304338534, 0.6942989955118615, 0.7015120752297499, 0.696249198546698, 0.7129461423381064, 0.7093663175892284, 0.6928563795682838, 0.7209873904680487, 0.7134804445394315, 0.7154039324642018, 0.722910878392819, 0.7143086129514854, 0.6925892284676213, 0.6838533874759564, 0.7070153879033981, 0.6880209446462919, 0.6854562940799316], "mean_test_score": [0.7027457241022212, 0.7019069097548466, 0.7039372501266878, 0.7033120872903379, 0.6961151923630375, 0.7010413594580072, 0.7022915767943806, 0.7048775964513461, 0.70257481262797, 0.6918408212842452, 0.7181120551542721, 0.7171182148066647, 0.7150131083814822, 0.7183578494395918, 0.7071056386291702, 0.6929254262058134, 0.6856429791234843, 0.6959495875132196, 0.6890304406635888, 0.6812884570050688], "std_test_score": [0.0032360771527555478, 0.002428595726386698, 0.004322374868216449, 0.0028174541275479406, 0.008972916068516922, 0.0027223263649192894, 0.004376369895857869, 0.0042836539687566965, 0.005139868702112696, 0.004213927203664359, 0.002810616401198836, 0.002240455176057896, 0.0022830124049184565, 0.005925931046813672, 0.006016300012643474, 0.002054329893470753, 0.0036351210028588554, 0.007014556992108963, 0.0036975211030215558, 0.00653341906807138], "rank_test_score": [9, 12, 7, 8, 14, 13, 11, 6, 10, 17, 2, 3, 4, 1, 5, 16, 19, 15, 18, 20]}}