{"config": {"pipeline": {"preprocessing": {"vals": ["passthrough", "MinMaxScaler()", "StandardScaler()", "MaxAbsScaler()", "Normalizer()"]}, "clf": {"classname": "MLPClassifier", "params": {"early_stopping": true}, "grid": {"hidden_layer_sizes": [[100, 50], [75, 75], [100, 100], [75, 50]]}}}}, "results": {"mean_fit_time": [711.2438405513764, 661.371142244339, 529.9081521987915, 926.5062521457672, 2112.6234407901766, 797.0881288051605, 995.8828319072724, 449.9753484249115, 812.2356060504914, 3348.983954715729, 883.8328159332275, 743.1291192531586, 513.99413189888, 1051.60827126503, 3427.1966361522673, 605.413572359085, 803.0006098747253, 447.28006224632264, 635.9020143032074, 1785.1825332641602], "std_fit_time": [162.93402734021348, 228.38960385925853, 34.505709748120054, 231.29096494077865, 811.4001755056365, 142.26598435110446, 324.7728792246768, 159.64619689505304, 231.5206895709426, 893.2032040406003, 317.17641746709705, 253.86192343410923, 80.43693118991384, 475.80173280886714, 430.1028161012334, 139.54380821189116, 301.400232829273, 92.15629166546667, 67.96063918376146, 424.5821327247591], "mean_score_time": [1.5119351387023925, 2.4031288623809814, 2.146363544464111, 2.5265869140625, 2.7718820095062258, 1.5966104507446288, 2.520399808883667, 2.2048545360565184, 2.1973670959472655, 3.490989589691162, 1.6767112255096435, 2.8757091999053954, 2.362787294387817, 2.827017068862915, 4.415328550338745, 1.4737880229949951, 2.589287805557251, 2.3741722106933594, 2.2592054843902587, 2.389231729507446], "std_score_time": [0.08460054423561493, 0.2274217906420181, 0.0748232631561622, 0.3243034287539949, 0.7731532815887152, 0.19351971188276135, 0.19628859339625496, 0.10718054750753402, 0.11868369923784527, 0.9358852033254875, 0.2009795227995702, 0.3495358658019817, 0.07515543044088342, 0.599579584553409, 0.5147091983030446, 0.08555001657756692, 0.2569932269141594, 0.25445319650921194, 0.10925860001570444, 0.23795084963787133], "param_clf__hidden_layer_sizes": [[100, 50], [100, 50], [100, 50], [100, 50], [100, 50], [75, 75], [75, 75], [75, 75], [75, 75], [75, 75], [100, 100], [100, 100], [100, 100], [100, 100], [100, 100], [75, 50], [75, 50], [75, 50], [75, 50], [75, 50]], "param_preprocessing": ["passthrough", "MinMaxScaler()", "StandardScaler()", "MaxAbsScaler()", "Normalizer()", "passthrough", "MinMaxScaler()", "StandardScaler()", "MaxAbsScaler()", "Normalizer()", "passthrough", "MinMaxScaler()", "StandardScaler()", "MaxAbsScaler()", "Normalizer()", "passthrough", "MinMaxScaler()", "StandardScaler()", "MaxAbsScaler()", "Normalizer()"], "params": [{"clf__hidden_layer_sizes": [100, 50], "preprocessing": "passthrough"}, {"clf__hidden_layer_sizes": [100, 50], "preprocessing": "MinMaxScaler()"}, {"clf__hidden_layer_sizes": [100, 50], "preprocessing": "StandardScaler()"}, {"clf__hidden_layer_sizes": [100, 50], "preprocessing": "MaxAbsScaler()"}, {"clf__hidden_layer_sizes": [100, 50], "preprocessing": "Normalizer()"}, {"clf__hidden_layer_sizes": [75, 75], "preprocessing": "passthrough"}, {"clf__hidden_layer_sizes": [75, 75], "preprocessing": "MinMaxScaler()"}, {"clf__hidden_layer_sizes": [75, 75], "preprocessing": "StandardScaler()"}, {"clf__hidden_layer_sizes": [75, 75], "preprocessing": "MaxAbsScaler()"}, {"clf__hidden_layer_sizes": [75, 75], "preprocessing": "Normalizer()"}, {"clf__hidden_layer_sizes": [100, 100], "preprocessing": "passthrough"}, {"clf__hidden_layer_sizes": [100, 100], "preprocessing": "MinMaxScaler()"}, {"clf__hidden_layer_sizes": [100, 100], "preprocessing": "StandardScaler()"}, {"clf__hidden_layer_sizes": [100, 100], "preprocessing": "MaxAbsScaler()"}, {"clf__hidden_layer_sizes": [100, 100], "preprocessing": "Normalizer()"}, {"clf__hidden_layer_sizes": [75, 50], "preprocessing": "passthrough"}, {"clf__hidden_layer_sizes": [75, 50], "preprocessing": "MinMaxScaler()"}, {"clf__hidden_layer_sizes": [75, 50], "preprocessing": "StandardScaler()"}, {"clf__hidden_layer_sizes": [75, 50], "preprocessing": "MaxAbsScaler()"}, {"clf__hidden_layer_sizes": [75, 50], "preprocessing": "Normalizer()"}], "split0_test_score": [0.6414264145517291, 0.6434107412466749, 0.6448917966784097, 0.6367100438564958, 0.6288590121504062, 0.6364512186354159, 0.6367531813933425, 0.6365231145301603, 0.6431950535624416, 0.6237256452656553, 0.6612265439643397, 0.6657559853332374, 0.6669925947228413, 0.6638435545330361, 0.6467467107628154, 0.6204615716442591, 0.6162628513911855, 0.6257531094974477, 0.6245740168236393, 0.6150837587173772], "split1_test_score": [0.6414695520885757, 0.639729671435761, 0.6433532245308793, 0.6349270256668345, 0.627550506866058, 0.6379322740671508, 0.6341505500035948, 0.6405636638147961, 0.6349557840247322, 0.6301675174347545, 0.6648932345963046, 0.6498957509526206, 0.6652095765331799, 0.6643324466172982, 0.6446617298152275, 0.6179020777913581, 0.617312531454454, 0.6197138543389172, 0.6196563376231217, 0.6110432094327414], "split2_test_score": [0.6359910849090517, 0.6288158746135596, 0.644978071752103, 0.635703501330074, 0.6278093320871379, 0.6294341793083615, 0.6318786397296714, 0.6326982529297577, 0.6384499245093105, 0.6261269681501186, 0.6629951829750521, 0.6574304407218348, 0.6618304694801926, 0.6596592134589115, 0.6565245524480552, 0.6162772305701344, 0.6112445179380257, 0.6187792077072399, 0.6153857214753038, 0.601955568337048], "split3_test_score": [0.6360917391616938, 0.6416564814149112, 0.6484434538787835, 0.643511395499317, 0.6338485872456683, 0.6367100438564958, 0.6427924365518729, 0.6444460421309943, 0.641440793730678, 0.6286720828240707, 0.6689337838809404, 0.6597742468905026, 0.6674383492702567, 0.6661298439859084, 0.656668344237544, 0.6287871162556617, 0.6305557552663743, 0.6295204543820548, 0.6228053778129269, 0.6050470918110575], "split4_test_score": [0.642289165288662, 0.6386224746566971, 0.647408152994464, 0.6395283629304767, 0.6264576892659429, 0.641440793730678, 0.6368538356459846, 0.6359767057301028, 0.6381335825724351, 0.6324681860665756, 0.6697965346178734, 0.6587245668272341, 0.6622330864907614, 0.6670932489754835, 0.6499820260263139, 0.6166367100438565, 0.6173269106334028, 0.6271910273923359, 0.6118484434538788, 0.6121791645697031], "mean_test_score": [0.6394535911999425, 0.6384470486735208, 0.6458149399669277, 0.6380760658566396, 0.6289050255230426, 0.6363937019196204, 0.6364857286648933, 0.6380415558271623, 0.6392350276799195, 0.6282320799482349, 0.6655690560069021, 0.6583161981450859, 0.6647408152994464, 0.6642116615141276, 0.6509166726579914, 0.620012941261054, 0.6185405133366885, 0.6241915306635991, 0.6188539794377741, 0.6090617585735855], "std_test_score": [0.0028031271692881203, 0.005086730023922105, 0.001847159872026774, 0.0031325231928860738, 0.0025871080143198546, 0.003908418487640391, 0.0036512991090953332, 0.004061985457050252, 0.002852672551649967, 0.0030536393065238544, 0.003320600453997926, 0.0050858942510338305, 0.0023377661882706857, 0.0025635071826935513, 0.0049379448801785625, 0.004625962218666763, 0.006415077590313302, 0.0042231685291898, 0.004692174404012303, 0.00482751162144048], "rank_test_score": [7, 9, 6, 10, 14, 13, 12, 11, 8, 15, 1, 4, 2, 3, 5, 17, 19, 16, 18, 20]}}