{"config": {"pipeline": {"preprocessing": {"vals": ["passthrough", "MinMaxScaler()", "StandardScaler()", "MaxAbsScaler()", "Normalizer()"]}, "clf": {"classname": "SGDClassifier", "params": {"loss": "log_loss", "penalty": "l2", "alpha": 0.0001, "max_iter": 500, "early_stopping": true, "eta0": 10}, "grid": {"alpha": [0.0001, 0.001], "learning_rate": ["optimal", "adaptive"]}}}}, "results": {"mean_fit_time": [108.5133183479309, 113.24458122253418, 86.55503087043762, 112.41760182380676, 99.76584882736206, 807.9847875118255, 811.4230905532837, 822.3697449207306, 807.2214266777039, 806.2961275100708, 97.49869232177734, 99.15224342346191, 85.45117716789245, 99.97012410163879, 100.39842367172241, 836.3367626190186, 840.9184931278229, 853.8151020526886, 830.8639053344726, 782.5175733566284], "std_fit_time": [2.4653254259912116, 4.902508250391354, 0.7631950761845608, 3.986074118419887, 3.3220027242204266, 2.793251894439611, 4.928675946911833, 3.544392642594598, 6.287421551900601, 9.791297032611997, 3.0141276854171197, 0.9042254549935828, 0.9427299544561534, 1.8886456023011602, 3.4122964207361854, 3.927208187338156, 10.789879117579035, 4.101378430690665, 6.648588077671746, 86.87462672953642], "mean_score_time": [0.5679306983947754, 1.0313444137573242, 0.9483145236968994, 1.0080475807189941, 0.5923336029052735, 0.5677491188049316, 0.9796823501586914, 1.0108991622924806, 0.9217582225799561, 0.6170014858245849, 0.5940676689147949, 0.9918534755706787, 1.018466091156006, 1.0353346824645997, 0.6499361515045166, 0.5634673118591309, 1.0230445384979248, 0.9762276172637939, 0.9440727710723877, 0.5579424858093261], "std_score_time": [0.0271899808179932, 0.1283585218803962, 0.03046922957436781, 0.13532093423802943, 0.03140964935373381, 0.017557769464969657, 0.08475745835865187, 0.12835795155058335, 0.014613876765890576, 0.022152342047514515, 0.06315498788670981, 0.06255271622181419, 0.11232236199532837, 0.09880771510492709, 0.08856297159767448, 0.009248193669577751, 0.10018915564955094, 0.0289180652382113, 0.027953480961859106, 0.18010762015221365], "param_clf__alpha": [0.0001, 0.0001, 0.0001, 0.0001, 0.0001, 0.0001, 0.0001, 0.0001, 0.0001, 0.0001, 0.001, 0.001, 0.001, 0.001, 0.001, 0.001, 0.001, 0.001, 0.001, 0.001], "param_clf__learning_rate": ["optimal", "optimal", "optimal", "optimal", "optimal", "adaptive", "adaptive", "adaptive", "adaptive", "adaptive", "optimal", "optimal", "optimal", "optimal", "optimal", "adaptive", "adaptive", "adaptive", "adaptive", "adaptive"], "param_preprocessing": ["passthrough", "MinMaxScaler()", "StandardScaler()", "MaxAbsScaler()", "Normalizer()", "passthrough", "MinMaxScaler()", "StandardScaler()", "MaxAbsScaler()", "Normalizer()", "passthrough", "MinMaxScaler()", "StandardScaler()", "MaxAbsScaler()", "Normalizer()", "passthrough", "MinMaxScaler()", "StandardScaler()", "MaxAbsScaler()", "Normalizer()"], "params": [{"clf__alpha": 0.0001, "clf__learning_rate": "optimal", "preprocessing": "passthrough"}, {"clf__alpha": 0.0001, "clf__learning_rate": "optimal", "preprocessing": "MinMaxScaler()"}, {"clf__alpha": 0.0001, "clf__learning_rate": "optimal", "preprocessing": "StandardScaler()"}, {"clf__alpha": 0.0001, "clf__learning_rate": "optimal", "preprocessing": "MaxAbsScaler()"}, {"clf__alpha": 0.0001, "clf__learning_rate": "optimal", "preprocessing": "Normalizer()"}, {"clf__alpha": 0.0001, "clf__learning_rate": "adaptive", "preprocessing": "passthrough"}, {"clf__alpha": 0.0001, "clf__learning_rate": "adaptive", "preprocessing": "MinMaxScaler()"}, {"clf__alpha": 0.0001, "clf__learning_rate": "adaptive", "preprocessing": "StandardScaler()"}, {"clf__alpha": 0.0001, "clf__learning_rate": "adaptive", "preprocessing": "MaxAbsScaler()"}, {"clf__alpha": 0.0001, "clf__learning_rate": "adaptive", "preprocessing": "Normalizer()"}, {"clf__alpha": 0.001, "clf__learning_rate": "optimal", "preprocessing": "passthrough"}, {"clf__alpha": 0.001, "clf__learning_rate": "optimal", "preprocessing": "MinMaxScaler()"}, {"clf__alpha": 0.001, "clf__learning_rate": "optimal", "preprocessing": "StandardScaler()"}, {"clf__alpha": 0.001, "clf__learning_rate": "optimal", "preprocessing": "MaxAbsScaler()"}, {"clf__alpha": 0.001, "clf__learning_rate": "optimal", "preprocessing": "Normalizer()"}, {"clf__alpha": 0.001, "clf__learning_rate": "adaptive", "preprocessing": "passthrough"}, {"clf__alpha": 0.001, "clf__learning_rate": "adaptive", "preprocessing": "MinMaxScaler()"}, {"clf__alpha": 0.001, "clf__learning_rate": "adaptive", "preprocessing": "StandardScaler()"}, {"clf__alpha": 0.001, "clf__learning_rate": "adaptive", "preprocessing": "MaxAbsScaler()"}, {"clf__alpha": 0.001, "clf__learning_rate": "adaptive", "preprocessing": "Normalizer()"}], "split0_test_score": [0.4044025325247776, 0.40434910373200117, 0.30358240055565944, 0.4031736702909198, 0.3451232869393316, 0.40840969198300964, 0.4092111238746561, 0.4212593166457404, 0.408329548793845, 0.349050303208399, 0.3468597227045655, 0.3486495872625758, 0.3229236235407261, 0.35009216466753934, 0.22392007052600646, 0.34792829856009405, 0.3480618705420351, 0.42219432051932787, 0.34835572890230543, 0.22253092191381935], "split1_test_score": [0.40434910373200117, 0.40442924692116583, 0.29965538428659205, 0.40587182432612934, 0.3443752838404616, 0.4083028343974568, 0.40806240482996287, 0.41805358907915474, 0.4097988405951968, 0.3469932946865066, 0.34774129778537655, 0.3486495872625758, 0.3253546336120535, 0.348168728127588, 0.22295835225603078, 0.34787486976731763, 0.3488365880372933, 0.4189885929527422, 0.34854272967702293, 0.22215692036438436], "split2_test_score": [0.4032805278764726, 0.40392167338978974, 0.30753613122111506, 0.4038682445970133, 0.3427457056607806, 0.4049635348489301, 0.4049635348489301, 0.41797344588999014, 0.40592525311890576, 0.3439745678946384, 0.34298613522827454, 0.3443752838404616, 0.3203590414874576, 0.34338685117409773, 0.22055405658109156, 0.34461571340795555, 0.34520343012849625, 0.4181604466647076, 0.34482942857906124, 0.2219966339860551], "split3_test_score": [0.40713827740970293, 0.40721842273990166, 0.3034035050224407, 0.40398589442188504, 0.3420335541782432, 0.4099166488565933, 0.40988993374652705, 0.42044240222269713, 0.4097029279760633, 0.3472697157512289, 0.35004808719811925, 0.35026180807864926, 0.3255503312673648, 0.3488726223552041, 0.22328488993374654, 0.350235092968583, 0.35026180807864926, 0.42044240222269713, 0.3511166916007694, 0.2218689891002351], "split4_test_score": [0.402089121607181, 0.40318444111989743, 0.3058078649284035, 0.40211583671724727, 0.3454263731566574, 0.4062566787775166, 0.40823359692241934, 0.4177174609959393, 0.40735199829023294, 0.3470559948706989, 0.3433693096815559, 0.34459820474460356, 0.31491771746099595, 0.3486589014746741, 0.22248343663175893, 0.34443791408420604, 0.3456935242573199, 0.41787775165633684, 0.3465751228895063, 0.22229643086129514], "mean_test_score": [0.40425191263002713, 0.4046205775805511, 0.30399705720284215, 0.4038030940706389, 0.3439408407550949, 0.40756987777270126, 0.408072118844499, 0.4190892429667043, 0.40822171375484884, 0.3468687752822944, 0.34620091051957835, 0.34730689423777317, 0.3218210694737196, 0.34783585355982066, 0.22264016118572685, 0.3470183777576313, 0.3476114442087588, 0.4195327028031623, 0.347883940329733, 0.22216997924515783], "std_test_score": [0.001672392744082106, 0.0013718644207873546, 0.002652487042885557, 0.0012296598798476074, 0.0013311511010423425, 0.0017474188323951805, 0.0016906358251257238, 0.001465580268087736, 0.0014644513974275291, 0.0016338182280213347, 0.0026818030613412636, 0.002377751173556259, 0.003934536551110517, 0.0023129057449915572, 0.0011429333875931855, 0.0022063716787907384, 0.00190815296430845, 0.0016018593969595561, 0.0021047714255250424, 0.0002311206619258852], "rank_test_score": [7, 6, 18, 8, 16, 5, 4, 2, 3, 14, 15, 12, 17, 10, 19, 13, 11, 1, 9, 20]}}