{"config": {"pipeline": {"preprocessing": {"vals": ["passthrough", "MinMaxScaler()", "StandardScaler()", "MaxAbsScaler()", "Normalizer()"]}, "clf": {"classname": "SGDClassifier", "params": {"loss": "log_loss", "penalty": "l2", "alpha": 0.0001, "max_iter": 500, "early_stopping": true, "eta0": 10}, "grid": {"alpha": [0.0001, 0.001], "learning_rate": ["optimal", "adaptive"]}}}}, "results": {"mean_fit_time": [15.877739477157593, 16.42127752304077, 13.760389518737792, 17.192786502838135, 13.877692556381225, 131.15884246826172, 129.49786648750305, 144.70684928894042, 127.85958466529846, 131.55664801597595, 14.482499408721925, 14.924164295196533, 13.253205633163452, 14.880059623718262, 13.874610137939452, 126.61831765174865, 128.55082602500914, 132.3271499156952, 128.66273126602172, 119.0767870426178], "std_fit_time": [0.48757280224382654, 0.6485950798201334, 0.27393629227105715, 0.362240742048545, 0.3155487314096033, 1.8414826971512162, 3.0544601934073095, 1.365284129728643, 0.824405423616221, 1.2994155843143225, 0.5366815321987092, 0.2518623639529368, 0.4072753624502859, 0.6239350516204679, 0.33002492274485506, 1.6813798887062732, 1.777927313806149, 1.3949758196453157, 1.1983438915613398, 13.149124145930866], "mean_score_time": [0.08770556449890136, 0.1584486484527588, 0.1488194942474365, 0.13673095703125, 0.09112153053283692, 0.0831747055053711, 0.14049849510192872, 0.1444005012512207, 0.14152603149414061, 0.08914718627929688, 0.08354988098144531, 0.145889949798584, 0.14471063613891602, 0.14031076431274414, 0.0984571933746338, 0.08657693862915039, 0.15149517059326173, 0.15241422653198242, 0.14566593170166015, 0.06817851066589356], "std_score_time": [0.010495233262036016, 0.02581822202357476, 0.01263580286546744, 0.0018859701610191679, 0.008851557855495157, 0.0021761302147130573, 0.003214336508220484, 0.006471184769542284, 0.002546867439159299, 0.006095570009182432, 0.0057450394035813285, 0.008589877260669164, 0.00729216814982439, 0.002543962884154584, 0.024549609674100456, 0.004859026493485258, 0.008698940320750219, 0.02004439063753536, 0.009097824990266968, 0.016656975488681055], "param_clf__alpha": [0.0001, 0.0001, 0.0001, 0.0001, 0.0001, 0.0001, 0.0001, 0.0001, 0.0001, 0.0001, 0.001, 0.001, 0.001, 0.001, 0.001, 0.001, 0.001, 0.001, 0.001, 0.001], "param_clf__learning_rate": ["optimal", "optimal", "optimal", "optimal", "optimal", "adaptive", "adaptive", "adaptive", "adaptive", "adaptive", "optimal", "optimal", "optimal", "optimal", "optimal", "adaptive", "adaptive", "adaptive", "adaptive", "adaptive"], "param_preprocessing": ["passthrough", "MinMaxScaler()", "StandardScaler()", "MaxAbsScaler()", "Normalizer()", "passthrough", "MinMaxScaler()", "StandardScaler()", "MaxAbsScaler()", "Normalizer()", "passthrough", "MinMaxScaler()", "StandardScaler()", "MaxAbsScaler()", "Normalizer()", "passthrough", "MinMaxScaler()", "StandardScaler()", "MaxAbsScaler()", "Normalizer()"], "params": [{"clf__alpha": 0.0001, "clf__learning_rate": "optimal", "preprocessing": "passthrough"}, {"clf__alpha": 0.0001, "clf__learning_rate": "optimal", "preprocessing": "MinMaxScaler()"}, {"clf__alpha": 0.0001, "clf__learning_rate": "optimal", "preprocessing": "StandardScaler()"}, {"clf__alpha": 0.0001, "clf__learning_rate": "optimal", "preprocessing": "MaxAbsScaler()"}, {"clf__alpha": 0.0001, "clf__learning_rate": "optimal", "preprocessing": "Normalizer()"}, {"clf__alpha": 0.0001, "clf__learning_rate": "adaptive", "preprocessing": "passthrough"}, {"clf__alpha": 0.0001, "clf__learning_rate": "adaptive", "preprocessing": "MinMaxScaler()"}, {"clf__alpha": 0.0001, "clf__learning_rate": "adaptive", "preprocessing": "StandardScaler()"}, {"clf__alpha": 0.0001, "clf__learning_rate": "adaptive", "preprocessing": "MaxAbsScaler()"}, {"clf__alpha": 0.0001, "clf__learning_rate": "adaptive", "preprocessing": "Normalizer()"}, {"clf__alpha": 0.001, "clf__learning_rate": "optimal", "preprocessing": "passthrough"}, {"clf__alpha": 0.001, "clf__learning_rate": "optimal", "preprocessing": "MinMaxScaler()"}, {"clf__alpha": 0.001, "clf__learning_rate": "optimal", "preprocessing": "StandardScaler()"}, {"clf__alpha": 0.001, "clf__learning_rate": "optimal", "preprocessing": "MaxAbsScaler()"}, {"clf__alpha": 0.001, "clf__learning_rate": "optimal", "preprocessing": "Normalizer()"}, {"clf__alpha": 0.001, "clf__learning_rate": "adaptive", "preprocessing": "passthrough"}, {"clf__alpha": 0.001, "clf__learning_rate": "adaptive", "preprocessing": "MinMaxScaler()"}, {"clf__alpha": 0.001, "clf__learning_rate": "adaptive", "preprocessing": "StandardScaler()"}, {"clf__alpha": 0.001, "clf__learning_rate": "adaptive", "preprocessing": "MaxAbsScaler()"}, {"clf__alpha": 0.001, "clf__learning_rate": "adaptive", "preprocessing": "Normalizer()"}], "split0_test_score": [0.509250943057302, 0.5096102029818573, 0.4357822884857194, 0.5225435602658524, 0.45733788395904434, 0.5376324770971798, 0.5358361774744027, 0.5103287228309682, 0.5387102568708461, 0.4772768097718699, 0.4438656367882163, 0.4424285970899946, 0.44548230644871567, 0.4438656367882163, 0.28471349021016706, 0.4438656367882163, 0.44745823603377044, 0.5241602299263517, 0.44548230644871567, 0.2888449793425543], "split1_test_score": [0.513295005389867, 0.5104204096298958, 0.4299317283507007, 0.5122170319798778, 0.4559827524254402, 0.5316205533596838, 0.532698526769673, 0.5044915558749551, 0.5312612288896874, 0.4674811354653252, 0.43298598634567015, 0.4417894358605821, 0.44035213798059647, 0.43837585339561624, 0.27416457060725835, 0.4369385555156306, 0.4417894358605821, 0.5242544017247575, 0.44035213798059647, 0.2867409270571326], "split2_test_score": [0.5084441250449155, 0.5075458138699246, 0.47215235357527846, 0.5062881782249371, 0.44699964067553, 0.5282069708947179, 0.5332375134746676, 0.501796622349982, 0.5337765001796623, 0.45975565936040247, 0.4241825368307582, 0.4324469996406755, 0.4412504491555875, 0.4344232842256558, 0.2754222062522458, 0.42903341717570964, 0.43478260869565216, 0.5208408192597916, 0.43568091987064317, 0.2716492993172835], "split3_test_score": [0.5167085878548329, 0.5190441969098095, 0.4408911246855911, 0.5177865612648221, 0.46209126841537906, 0.531800215594682, 0.5384477182896156, 0.5062881782249371, 0.5388070427596119, 0.4744879626302551, 0.4315486884656845, 0.4412504491555875, 0.44017247574559826, 0.4417894358605821, 0.2980596478620194, 0.4419690980955803, 0.4464606539705354, 0.5208408192597916, 0.44412504491555876, 0.2863816025871362], "split4_test_score": [0.5116780452748833, 0.512396694214876, 0.4464606539705354, 0.5113187208048868, 0.45292849443047073, 0.530901904419691, 0.5339561624146605, 0.5055695292849443, 0.5330578512396694, 0.4646065397053539, 0.4369385555156306, 0.4349622709306504, 0.43747754222062524, 0.43406395975565937, 0.28602227811713976, 0.4360402443406396, 0.4396334890406037, 0.5217391304347826, 0.4435860582105641, 0.28584261588214155], "mean_test_score": [0.5118753413243601, 0.5118034635212727, 0.44504362981356504, 0.5140308105080752, 0.45506800798117286, 0.5320324242731909, 0.5348352196846038, 0.5056949217131573, 0.5351225759878954, 0.46872162138664136, 0.43390428078919197, 0.43857555053549796, 0.44094698231022467, 0.4385036340051459, 0.28367643860976605, 0.4375693903831553, 0.4420248847202287, 0.522367080121095, 0.4418452934852156, 0.28389188483724964], "std_test_score": [0.0029690185326070578, 0.003940328744496812, 0.014616950224327614, 0.005606534579661896, 0.004999827010854015, 0.003082087566610056, 0.0020948950378477387, 0.0027743329509895805, 0.003079992184732264, 0.006407856385175303, 0.006470545910936974, 0.004072960467151702, 0.002594300364178117, 0.003896764230167206, 0.008626275350571878, 0.005188433782861105, 0.004635129487220969, 0.0015382219801950519, 0.0035123897030610992, 0.006205403017475098], "rank_test_score": [6, 7, 11, 5, 10, 3, 2, 8, 1, 9, 18, 15, 14, 16, 20, 17, 12, 4, 13, 19]}}