{"config": {"pipeline": {"preprocessing": {"vals": ["passthrough", "MinMaxScaler()", "StandardScaler()", "MaxAbsScaler()", "Normalizer()"]}, "clf": {"classname": "SGDClassifier", "params": {"loss": "log_loss", "penalty": "l2", "alpha": 0.0001, "max_iter": 500, "early_stopping": true, "eta0": 10}, "grid": {"alpha": [0.0001, 0.001], "learning_rate": ["optimal", "adaptive"]}}}}, "results": {"mean_fit_time": [193.9416780948639, 202.38231358528137, 181.863431930542, 200.42716164588927, 198.51567068099976, 1684.8618025302887, 1695.123519706726, 1845.620175218582, 1693.587199640274, 1755.3587625980376, 192.66147317886353, 201.97900199890137, 169.4008804321289, 201.14163022041322, 200.99895157814026, 1713.1595097064971, 1709.9732840538024, 1875.528416633606, 1742.0187903881074, 1715.7575202941894], "std_fit_time": [9.270138273627175, 9.897076226092464, 2.1174646420099688, 4.011588085080904, 4.5864348722153405, 31.6837724698205, 8.552276925603344, 18.652573405728297, 16.93434682721721, 4.466985546439286, 2.258633004280298, 2.768533736328635, 0.24996472304076184, 3.425765651858094, 4.163782605342328, 22.264043687055487, 20.996680492446288, 26.174562789106492, 14.384246357247306, 185.64130349595237], "mean_score_time": [1.2062511444091797, 2.032941722869873, 1.9008359909057617, 2.0979267597198485, 1.163606309890747, 2.0918789863586427, 2.302019214630127, 2.125887060165405, 2.44789457321167, 1.292811918258667, 1.1826208591461183, 2.015063667297363, 2.1291435241699217, 1.9632424354553222, 1.217330026626587, 1.7789018630981446, 2.308022975921631, 2.595391845703125, 2.628175210952759, 1.1901869297027587], "std_score_time": [0.23046461257115403, 0.16621435028203702, 0.08083915394839784, 0.2207728386985162, 0.01894196459831938, 0.7289595536370247, 0.16672175328167968, 0.1022995191296269, 0.3441951245889034, 0.03596945500377377, 0.08654478156259882, 0.03078858965649269, 0.22765038702736293, 0.02592248077564219, 0.012599144568972893, 0.22354784962308563, 0.19470871325223651, 0.39290628636090336, 0.2411705203338442, 0.3029855537353174], "param_clf__alpha": [0.0001, 0.0001, 0.0001, 0.0001, 0.0001, 0.0001, 0.0001, 0.0001, 0.0001, 0.0001, 0.001, 0.001, 0.001, 0.001, 0.001, 0.001, 0.001, 0.001, 0.001, 0.001], "param_clf__learning_rate": ["optimal", "optimal", "optimal", "optimal", "optimal", "adaptive", "adaptive", "adaptive", "adaptive", "adaptive", "optimal", "optimal", "optimal", "optimal", "optimal", "adaptive", "adaptive", "adaptive", "adaptive", "adaptive"], "param_preprocessing": ["passthrough", "MinMaxScaler()", "StandardScaler()", "MaxAbsScaler()", "Normalizer()", "passthrough", "MinMaxScaler()", "StandardScaler()", "MaxAbsScaler()", "Normalizer()", "passthrough", "MinMaxScaler()", "StandardScaler()", "MaxAbsScaler()", "Normalizer()", "passthrough", "MinMaxScaler()", "StandardScaler()", "MaxAbsScaler()", "Normalizer()"], "params": [{"clf__alpha": 0.0001, "clf__learning_rate": "optimal", "preprocessing": "passthrough"}, {"clf__alpha": 0.0001, "clf__learning_rate": "optimal", "preprocessing": "MinMaxScaler()"}, {"clf__alpha": 0.0001, "clf__learning_rate": "optimal", "preprocessing": "StandardScaler()"}, {"clf__alpha": 0.0001, "clf__learning_rate": "optimal", "preprocessing": "MaxAbsScaler()"}, {"clf__alpha": 0.0001, "clf__learning_rate": "optimal", "preprocessing": "Normalizer()"}, {"clf__alpha": 0.0001, "clf__learning_rate": "adaptive", "preprocessing": "passthrough"}, {"clf__alpha": 0.0001, "clf__learning_rate": "adaptive", "preprocessing": "MinMaxScaler()"}, {"clf__alpha": 0.0001, "clf__learning_rate": "adaptive", "preprocessing": "StandardScaler()"}, {"clf__alpha": 0.0001, "clf__learning_rate": "adaptive", "preprocessing": "MaxAbsScaler()"}, {"clf__alpha": 0.0001, "clf__learning_rate": "adaptive", "preprocessing": "Normalizer()"}, {"clf__alpha": 0.001, "clf__learning_rate": "optimal", "preprocessing": "passthrough"}, {"clf__alpha": 0.001, "clf__learning_rate": "optimal", "preprocessing": "MinMaxScaler()"}, {"clf__alpha": 0.001, "clf__learning_rate": "optimal", "preprocessing": "StandardScaler()"}, {"clf__alpha": 0.001, "clf__learning_rate": "optimal", "preprocessing": "MaxAbsScaler()"}, {"clf__alpha": 0.001, "clf__learning_rate": "optimal", "preprocessing": "Normalizer()"}, {"clf__alpha": 0.001, "clf__learning_rate": "adaptive", "preprocessing": "passthrough"}, {"clf__alpha": 0.001, "clf__learning_rate": "adaptive", "preprocessing": "MinMaxScaler()"}, {"clf__alpha": 0.001, "clf__learning_rate": "adaptive", "preprocessing": "StandardScaler()"}, {"clf__alpha": 0.001, "clf__learning_rate": "adaptive", "preprocessing": "MaxAbsScaler()"}, {"clf__alpha": 0.001, "clf__learning_rate": "adaptive", "preprocessing": "Normalizer()"}], "split0_test_score": [0.2988137177367172, 0.2977065209576533, 0.21957006254942843, 0.29782155438924435, 0.2544395715004673, 0.3012006614422316, 0.30141634912646487, 0.3060176863901071, 0.30072614853691854, 0.2569415486375728, 0.26142785246962397, 0.2617298152275505, 0.222790998633978, 0.26145661082752175, 0.16942986555467682, 0.2621180530591703, 0.2622187073118125, 0.30437845998993457, 0.2614997483643684, 0.1701775828600187], "split1_test_score": [0.29664246171543607, 0.29572219426270757, 0.22070601768639012, 0.2958516068732475, 0.25436767560572293, 0.29990653533683226, 0.2999209145157811, 0.3050830397584298, 0.30016536055791215, 0.2552016679847581, 0.25997555539578693, 0.26105399381695304, 0.2227766194550291, 0.26098209792220867, 0.17010568696527428, 0.260938960385362, 0.2612121647853908, 0.30298367963189304, 0.26105399381695304, 0.17132791717592927], "split2_test_score": [0.29711697462074915, 0.29982026026313896, 0.22181321446545402, 0.3000071895894744, 0.2540657128477964, 0.303228125674024, 0.30269609605291536, 0.3077144295060752, 0.30368825940038824, 0.2559206269322022, 0.2614997483643684, 0.26075203105902656, 0.22483284204471923, 0.2597886260694514, 0.16884031921777268, 0.2614422316485729, 0.26194550291178376, 0.30584513624272053, 0.261672298511755, 0.1703357538284564], "split3_test_score": [0.29734704148393126, 0.2984398590840463, 0.2228053778129269, 0.2999784312315767, 0.25576245596376446, 0.3011431447264361, 0.30110000718958946, 0.30665037026385794, 0.30124379897907827, 0.25528794305845137, 0.25961607592206487, 0.25961607592206487, 0.2257387303184988, 0.2587677043640808, 0.16924293622834136, 0.26057948091163996, 0.2605938600905888, 0.30391832626357035, 0.260938960385362, 0.1691997986914947], "split4_test_score": [0.29751959163131786, 0.2962686030627651, 0.21604716370695234, 0.2992594722841326, 0.25186569846861745, 0.30016536055791215, 0.3004098066000431, 0.30591703213746496, 0.30030915234740096, 0.25385002516356314, 0.2571428571428571, 0.2579912287008412, 0.22240276080235818, 0.2581925372061255, 0.16986124092314328, 0.2592709756272917, 0.25852325832194983, 0.30365950104249045, 0.2587820835430297, 0.16977496584945], "mean_test_score": [0.2974879574376303, 0.29759148752606224, 0.22018836724423035, 0.29858365087353517, 0.2541002228772737, 0.30112876554748724, 0.3011086346969588, 0.306276511611187, 0.3012265439643397, 0.25544036235530954, 0.2599324178589403, 0.26022862894528725, 0.22370839025091666, 0.25983751527787763, 0.16949600977784168, 0.26086994032640737, 0.26089869868430515, 0.3041570206341218, 0.26078941692429364, 0.1701632036810698], "std_test_score": [0.0007253950186652832, 0.0014795050193880726, 0.002336180738814265, 0.0015794597033703937, 0.0012604759068588353, 0.0011691607744991064, 0.0009501406315362605, 0.000874982195822841, 0.001286736477162587, 0.0010093159412109527, 0.001585965424900677, 0.0013107187538299945, 0.0013267362268707878, 0.0012477482303017624, 0.0004479846989914782, 0.0009519581188575643, 0.0013169758044259195, 0.000957078842144009, 0.001039788645317039, 0.0007021987791355315], "rank_test_score": [8, 7, 18, 6, 16, 4, 5, 1, 3, 15, 13, 12, 17, 14, 20, 10, 9, 2, 11, 19]}}